questions,answers
How much is the compensation for the job?,"The compensation for the job is about $32,000 a year for entry-level positions"
Whats the minimum age that you need to be in order to do shadowing?,The minimum age to do shadowing for healthcare positions is typically around 17 years old.'
Who was talking about electives?,Miss Ingham was talking about electives.
The minimum age to do what is 17?,The minimum age to do shadowing is typically around 17 years old.
Why were the volunteer programs canceled?,The volunteer programs were likely canceled due to the Coronavirus pandemic
Who is the director of Human Resources at Premier Medical Group?,Laney Belmonte is the director of Human Resources at Premier Medical Group.
What types of healthcare positions does Premier Medical Group offer?,"Premier Medical Group offers a variety of healthcare positions, including support positions and technical positions."
What are some reasons someone might want to pursue a career in healthcare?,"Some reasons include a passion for working with people, compassion for caring for others, interest in science and research, and a desire to solve problems."
What are some benefits of working in the healthcare field?,"Benefits include job stability, a growing demand for healthcare workers, diverse career options, and competitive salaries."
What are some examples of technical healthcare jobs?,"Examples include physician assistant, dentist, clinical lab technician, and physical therapy assistant."
What education is required for a physician assistant?,A physician assistant typically requires a master's degree.
What is shadowing in the context of healthcare?,Shadowing involves observing and learning from healthcare professionals in their day-to-day work.
How can students find opportunities to shadow healthcare professionals?,"Students can inquire with their school counselors, reach out directly to healthcare facilities, or explore work-based learning programs."
What are some volunteer opportunities in healthcare?,Volunteer opportunities may include assisting with temperature checks or exploring virtual volunteering options.
What resources can students use to research healthcare careers?,"Students can use online resources, speak with guidance counselors, and reach out to healthcare professionals for information."
What is the role of Dutchess Community College in preparing students for healthcare careers?,"Dutchess Community College offers certificate programs, transfer options, and partnerships with four-year institutions for healthcare education."
What are some examples of allied health programs offered at Dutchess Community College?,"Examples include programs for paramedics, EMTs, and clinical lab technicians."
How long do certificate programs at Dutchess Community College typically take?,Certificate programs at Dutchess Community College may take one to two semesters to complete.
What opportunities are available for students interested in transferring to a four-year school?,Dutchess Community College offers transfer pathways for students interested in pursuing bachelor's degrees in healthcare fields.
What courses should students focus on in high school to prepare for healthcare studies?,"Students should focus on science, math, and challenging courses like AP classes to prepare for healthcare studies."
How can students demonstrate their interest in challenging coursework on college applications?,Students can mention their participation in challenging courses like AP classes in their college applications.
What role do electives play in preparing for healthcare careers?,Electives can help students explore different aspects of healthcare and potentially narrow down their career interests.
What are some ways students can gain hands-on experience in healthcare?,"Students can participate in internships, shadowing programs, volunteer work, and summer jobs in healthcare settings."
How has the COVID-19 pandemic affected opportunities for gaining healthcare experience?,"Some opportunities, such as volunteering, may have been limited due to the pandemic."
What alternative opportunities are available for gaining healthcare experience during the pandemic?,Alternative opportunities may include virtual volunteering or assisting with new healthcare needs arising from the pandemic.
What advice is given to students interested in pursuing healthcare careers during their senior year of high school?,Students are encouraged to challenge themselves with rigorous coursework and continue exploring their interests in healthcare.
How does Dutchess Community College support students interested in healthcare careers?,"Dutchess Community College offers resources, programs, and transfer pathways for students pursuing healthcare studies."
What types of courses are recommended for students interested in healthcare careers?,"Courses in biology, chemistry, math, and challenging electives are recommended for students interested in healthcare careers."
What benefits do students gain from participating in challenging coursework?,Challenging coursework helps students develop critical thinking skills and demonstrates their readiness for college-level studies.
How do students demonstrate their readiness for college-level studies on their college applications?,Students can mention their participation in challenging coursework and extracurricular activities on their college applications.
What are some ways students can explore healthcare careers during high school?,"Students can participate in internships, shadowing programs, volunteer work, and summer jobs in healthcare settings."
How can students stay informed about healthcare career opportunities?,"Students can research online, speak with guidance counselors, and network with healthcare professionals to learn about career opportunities."
What options are available for students interested in pursuing healthcare studies at Dutchess Community College?,"Dutchess Community College offers certificate programs, transfer pathways, and partnerships with four-year institutions for healthcare studies."
What are some examples of certificate programs offered at Dutchess Community College?,"Certificate programs may include paramedic training, EMT training, and clinical lab technician programs."
How long do certificate programs at Dutchess Community College typically last?,"Certificate programs may last one to two semesters, depending on the specific program."
What opportunities are available for students interested in transferring to four-year institutions?,Dutchess Community College offers transfer pathways and partnerships with four-year institutions for students pursuing bachelor's degrees.
How can students prepare for healthcare studies during high school?,"Students can focus on science, math, and challenging coursework, as well as gain hands-on experience through internships and volunteer work."
What role do elective courses play in preparing for healthcare careers?,Elective courses allow students to explore different aspects of healthcare and potentially discover their interests within the field.
How can students demonstrate their readiness for college-level coursework on their college applications?,"Students can highlight their participation in challenging coursework, extracurricular activities, and relevant experiences on their college applications."
What advice is given to students interested in healthcare careers during their senior year of high school?,"Students are encouraged to continue challenging themselves academically, explore healthcare opportunities, and seek guidance from counselors."
What support does Dutchess Community College offer to students pursuing healthcare studies?,"Dutchess Community College provides resources, programs, and transfer pathways to support students interested in healthcare careers."
How can students gain practical experience in healthcare during high school?,"Students can participate in internships, shadowing programs, volunteer work, and summer jobs in healthcare settings."
What resources are available for students interested in learning more about healthcare careers?,"Students can research online, speak with guidance counselors, and attend informational sessions or career fairs to learn about healthcare careers."
What types of programs are offered at Dutchess Community College for students interested in healthcare?,"Dutchess Community College offers certificate programs, transfer pathways, and partnerships with four-year institutions for healthcare studies."
What are some examples of certificate programs available at Dutchess Community College?,"Certificate programs may include paramedic training, EMT training, and clinical lab technician programs."
How long do certificate programs at Dutchess Community College typically last?,"Certificate programs may vary in duration, but they generally last one to two semesters."
What opportunities are available for students interested in transferring to four-year institutions for healthcare studies?,Dutchess Community College offers transfer pathways and partnerships with four-year institutions to facilitate the transfer process for students pursuing bachelor's degrees.
What courses should students focus on in high school to prepare for healthcare studies?,"Students should focus on science, math, and challenging coursework to build a strong foundation for healthcare studies."
How can students demonstrate their readiness for college-level coursework on their college applications?,"Students can highlight their academic achievements, extracurricular activities, and relevant experiences on their college applications."
What role do elective courses play in preparing for healthcare careers?,Elective courses allow students to explore different aspects of healthcare and potentially discover their interests within the field.
What advice is given to students interested in healthcare careers during their senior year of high school?,"Students are encouraged to continue challenging themselves academically, explore healthcare opportunities, and seek guidance from counselors."
What support does Dutchess Community College offer to students pursuing healthcare studies?,"Dutchess Community College provides resources, programs, and transfer pathways to support students interested in healthcare careers."
How can students gain practical experience in healthcare during high school?,"Students can participate in internships, shadowing programs, volunteer work, and summer jobs in healthcare settings."
What resources are available for students interested in learning more about healthcare careers?,"Students can research online, speak with guidance counselors, and attend informational sessions or career fairs to learn about healthcare careers."
What types of programs are offered at Dutchess Community College for students interested in healthcare?,"Dutchess Community College offers certificate programs, transfer pathways, and partnerships with four-year institutions for healthcare studies."
What are some examples of certificate programs available at Dutchess Community College?,"Certificate programs may include paramedic training, EMT training, and clinical lab technician programs."
How long do certificate programs at Dutchess Community College typically last?,"Certificate programs may vary in duration, but they generally last one to two semesters."
What opportunities are available for students interested in transferring to four-year institutions for healthcare studies?,Dutchess Community College offers transfer pathways and partnerships with four-year institutions to facilitate the transfer process for students pursuing bachelor's degrees.
What courses should students focus on in high school to prepare for healthcare studies?,"Students should focus on science, math, and challenging coursework to build a strong foundation for healthcare studies."
How can students demonstrate their readiness for college-level coursework on their college applications?,"Students can highlight their academic achievements, extracurricular activities, and relevant experiences on their college applications."
What role do elective courses play in preparing for healthcare careers?,Elective courses allow students to explore different aspects of healthcare and potentially discover their interests within the field.
What advice is given to students interested in healthcare careers during their senior year of high school?,"Students are encouraged to continue challenging themselves academically, explore healthcare opportunities, and seek guidance from counselors."
What support does Dutchess Community College offer to students pursuing healthcare studies?,"Dutchess Community College provides resources, programs, and transfer pathways to support students interested in healthcare careers."
How can students gain practical experience in healthcare during high school?,"Students can participate in internships, shadowing programs, volunteer work, and summer jobs in healthcare settings."
What resources are available for students interested in learning more about healthcare careers?,"Students can research online, speak with guidance counselors, and attend informational sessions or career fairs to learn about healthcare careers."
What types of programs are offered at Dutchess Community College for students interested in healthcare?,"Dutchess Community College offers certificate programs, transfer pathways, and partnerships with four-year institutions for healthcare studies."
What are some examples of certificate programs available at Dutchess Community College?,"Certificate programs may include paramedic training, EMT training, and clinical lab technician programs."
How long do certificate programs at Dutchess Community College typically last?,"Certificate programs may vary in duration, but they generally last one to two semesters."
What opportunities are available for students interested in transferring to four-year institutions for healthcare studies?,Dutchess Community College offers transfer pathways and partnerships with four-year institutions to facilitate the transfer process for students pursuing bachelor's degrees.
What courses should students focus on in high school to prepare for healthcare studies?,"Students should focus on science, math, and challenging coursework to build a strong foundation for healthcare studies."
How can students demonstrate their readiness for college-level coursework on their college applications?,"Students can highlight their academic achievements, extracurricular activities, and relevant experiences on their college applications."
What role do elective courses play in preparing for healthcare careers?,Elective courses allow students to explore different aspects of healthcare and potentially discover their interests within the field.
What advice is given to students interested in healthcare careers during their senior year of high school?,"Students are encouraged to continue challenging themselves academically, explore healthcare opportunities, and seek guidance from counselors."
What support does Dutchess Community College offer to students pursuing healthcare studies?,"Dutchess Community College provides resources, programs, and transfer pathways to support students interested in healthcare careers."
How can students gain practical experience in healthcare during high school?,"Students can participate in internships, shadowing programs, volunteer work, and summer jobs in healthcare settings."
What resources are available for students interested in learning more about healthcare careers?,"Students can research online, speak with guidance counselors, and attend informational sessions or career fairs to learn about healthcare careers."
What types of programs are offered at Dutchess Community College for students interested in healthcare?,"Dutchess Community College offers certificate programs, transfer pathways, and partnerships with four-year institutions for healthcare studies."
What are some examples of certificate programs available at Dutchess Community College?,"Certificate programs may include paramedic training, EMT training, and clinical lab technician programs."
How long do certificate programs at Dutchess Community College typically last?,"Certificate programs may vary in duration, but they generally last one to two semesters."
What opportunities are available for students interested in transferring to four-year institutions for healthcare studies?,Dutchess Community College offers transfer pathways and partnerships with four-year institutions to facilitate the transfer process for students pursuing bachelor's degrees.
What courses should students focus on in high school to prepare for healthcare studies?,"Students should focus on science, math, and challenging coursework to build a strong foundation for healthcare studies."
How can students demonstrate their readiness for college-level coursework on their college applications?,"Students can highlight their academic achievements, extracurricular activities, and relevant experiences on their college applications."
What role do elective courses play in preparing for healthcare careers?,Elective courses allow students to explore different aspects of healthcare and potentially discover their interests within the field.
What advice is given to students interested in healthcare careers during their senior year of high school?,"Students are encouraged to continue challenging themselves academically, explore healthcare opportunities, and seek guidance from counselors."
What support does Dutchess Community College offer to students pursuing healthcare studies?,"Dutchess Community College provides resources, programs, and transfer pathways to support students interested in healthcare careers."
How can students gain practical experience in healthcare during high school?,"Students can participate in internships, shadowing programs, volunteer work, and summer jobs in healthcare settings."
What resources are available for students interested in learning more about healthcare careers?,"Students can research online, speak with guidance counselors, and attend informational sessions or career fairs to learn about healthcare careers."
What types of programs are offered at Dutchess Community College for students interested in healthcare?,"Dutchess Community College offers certificate programs, transfer pathways, and partnerships with four-year institutions for healthcare studies."
What are some examples of certificate programs available at Dutchess Community College?,"Certificate programs may include paramedic training, EMT training, and clinical lab technician programs."
How long do certificate programs at Dutchess Community College typically last?,"Certificate programs may vary in duration, but they generally last one to two semesters."
What opportunities are available for students interested in transferring to four-year institutions for healthcare studies?,Dutchess Community College offers transfer pathways and partnerships with four-year institutions to facilitate the transfer process for students pursuing bachelor's degrees.
What courses should students focus on in high school to prepare for healthcare studies?,"Students should focus on science, math, and challenging coursework to build a strong foundation for healthcare studies."
How can students demonstrate their readiness for college-level coursework on their college applications?,"Students can highlight their academic achievements, extracurricular activities, and relevant experiences on their college applications."
What role do elective courses play in preparing for healthcare careers?,Elective courses allow students to explore different aspects of healthcare and potentially discover their interests within the field.
What advice is given to students interested in healthcare careers during their senior year of high school?,"Students are encouraged to continue challenging themselves academically, explore healthcare opportunities, and seek guidance from counselors."
What support does Dutchess Community College offer to students pursuing healthcare studies?,"Dutchess Community College provides resources, programs, and transfer pathways to support students interested in healthcare careers."
How can students gain practical experience in healthcare during high school?,"Students can participate in internships, shadowing programs, volunteer work, and summer jobs in healthcare settings."
What resources are available for students interested in learning more about healthcare careers?,"Students can research online, speak with guidance counselors, and attend informational sessions or career fairs to learn about healthcare careers."
What types of programs are offered at Dutchess Community College for students interested in healthcare?,"Dutchess Community College offers certificate programs, transfer pathways, and partnerships with four-year institutions for healthcare studies."
What are some examples of certificate programs available at Dutchess Community College?,"Certificate programs may include paramedic training, EMT training, and clinical lab technician programs."
How long do certificate programs at Dutchess Community College typically last?,"Certificate programs may vary in duration, but they generally last one to two semesters."
What opportunities are available for students interested in transferring to four-year institutions for healthcare studies?,Dutchess Community College offers transfer pathways and partnerships with four-year institutions to facilitate the transfer process for students pursuing bachelor's degrees.
What courses should students focus on in high school to prepare for healthcare studies?,"Students should focus on science, math, and challenging coursework to build a strong foundation for healthcare studies."
How can students demonstrate their readiness for college-level coursework on their college applications?,"Students can highlight their academic achievements, extracurricular activities, and relevant experiences on their college applications."
What role do elective courses play in preparing for healthcare careers?,Elective courses allow students to explore different aspects of healthcare and potentially discover their interests within the field.
