meeting_uuid,text
ba94585e-b0df-4633-bef2-a4f94f644c11,"This meeting was about the future of social media. Firstly, the group discussed the current trends in the social media market, including the rise in the use of the internet and the trend-watching. Secondly, they talked about the current trend in the market for the internet, which was largely focused on the young and old people's different tastes. Thirdly, they discussed the role of the Internet in the current political climate, and the future directions of the society. Lastly, they agreed that the market should be more focused on young people and less on old people."
906c7694-0e33-4c8e-8f51-0365155fbb81,"This is the second meeting about future of social media. First, the group discussed the role of social media as a useful platform and tool for young people. They also discussed the current trend in the market and future direction of young people's lives. Then, the discussion moved onto the topic of young trans kids and how they would like to make their lives better. They talked about how they could help their young trans friends to make sure they were on the right track. Finally, they talked about the future of their group and future plans."
52d105f8-1c80-4056-8253-732b9e2bec63,"The group was moving to a new building across the street and were moving in three weeks. The group discussed the logistics of the new building. First, the group decided to organise their group into three groups: the phd students, the professor, and the graduate student. Next, they decided what kind of equipment they should have in their new building and how they should design it. Lastly, they discussed how they could make their group more efficient by making sure they had enough money for the cost control."
9ed1fefa-db53-41fc-a21b-479b67e30073,"This meeting was about the design of the new building. First, the group decided to put two people room in the middle with only one window, so they would have to pay attention to the colour of the building. Next, they decided to place the first para meter, the first one was a para meter to choose people to put in their offices. Then, they agreed to put the second one as well as the third one. Lastly, they discussed how they would make the building more comfortable for all of them."
e993da88-0e17-4a35-ba9a-c03decca607b,The meeting was about the new office space in the university building. The team first discussed how they would use the space they had been waiting for. The professor thought that they should make it better for the team to work on their next projects. The group also discussed how to make sure that the team would have enough room for all their work. The meeting ended with a group discussion about how they could make their new office better. The professor suggested that the group should make their next project better.
61d453f1-2852-48d9-a25a-b6e04c3c4908,"This meeting was about the design of the new rooms in new building. First, the group discussed the logistics of putting four people in one of the 23 person rooms: one person, two person and three person rooms. Next, they discussed how to deal with the storage of the equipment. They agreed that they should keep the cost under twelve and a half Euros per room, but they would have to pay attention to the cost control. Lastly, they agreed that the room should be well-lit and that it should be easy to use."
52d2dfe4-748b-4ecf-84fb-64be6ebcaeef,This is the first meeting of the new remote control project. Project Manager introduced the team members to the project and asked them to come up with a new design for the remote control. The team agreed to make the new product more user-friendly and to make it a remote control for all age groups. The meeting ended with a group discussion about the working design of the product. The group agreed that the product should be a working design with a wide range of functions and should be suitable for all ages groups.
1be8e439-45b3-4c97-9e4a-5c78c1a15e78,"This meeting was about the working design of the new remote control. First, the group discussed the three presentations from the three team members: from the group's point of view, from the user interface's perspective, and from the industrial design's perspective. They agreed that they should make the product only for TV and that the corporate image should be the final thing to be added to the product. Then, the team discussed the project requirements: the design of components, system, and interface design. The group agreed that the product should be only for television and should be priced at twelve and a half Euros."
a4b7b490-7b28-4744-85e5-d216f40ff52c,"This meeting was about the design of the new remote control product. Firstly, the group discussed the market requirements of the product: young people would like to have a high-tech design with fewer buttons than most of the controls on the market. Next, they talked about the working design of their product: it would be a remote control with LCD screen and voice recognition. Lastly, they discussed the product requirements: the remote control would be good-looking, easy to use, and would be priced at twelve fifty Euros."
b3821662-03f1-4349-8781-ba5f64439693,"This meeting was about the conceptual design of the remote control. First, the group discussed the components design. They decided to have the, the logo, the company logo in its colour scheme in its own colour scheme. Next, they discussed the technical requirements. The group agreed that the product should be simple to use, but they wanted it to be more expensive. Lastly, they made some decisions about the product design, like the colour scheme, the material, the battery, and the buttons."
d8054419-991c-42f8-b736-a9da4f55126f,This meeting was about technical issues that the team had to deal with within the backdrop project. First the team introduced the technical lead for the backdrop C MS project who was introducing the D two B migration model. Next the group discussed technical issues with the D-two B module which was responsible for migration to the database. Lastly the meeting ended with a group discussion about the future of the project including future ideas for future work. The group agreed that more work should be done on the background project.
95efa3c5-9770-4160-9f28-35350efb9f73,This is the first time that the team has hosted a release kickoff at Git Lab. The meeting was about the Glab 16.7 monthly release kickoff for November. First the team discussed the current status of the core platforms group. Next the group discussed the future direction of the project including future directions and future work on data science. Lastly the meeting ended with a group discussion about the Deaf section of the web which was mainly about the improvements in the interface design.
85430eae-d466-4d63-9015-5835bbe71b90,The group product manager introduced the product leaders for the SEC and data science sections. The team was working on a world-class Cops experience with a focus on first class usability and A I powered workflows. They were also working on an interface for the data science section. The meeting ended with a general discussion about the future direction of the project including future work on the Cops project and future directions of the C-zero project. The group also discussed the future of the team and their work on C-one and C-two.
55d8afa8-a1bf-413c-a75c-b8c14da88d87,This meeting was about the logistics of the group meeting. The team was trying to figure out how they could make their group meeting more efficient. The professor suggested that they should make the meeting more interactive and asked the team members to share their knowledge about their work. The meeting ended with a general discussion about the future of the project. The group discussed how they would like to make their meeting more useful. They agreed to make it more interactive by making it more accessible to all members of the team.
15b7549d-4b3f-43b5-9507-85de435f1b4a,"The meeting was about the architecture design of the GIT lab's new DSS project. The group first discussed the design of an architecture design document that would cover the future of the DSS. They discussed how they could further improve the current architecture. The meeting ended with a general discussion about future work on the project, including future directions for the project and future work in general. The final meeting was focused on future work, including a new project manager's role and the future direction of the project."
875564dc-9954-41da-9084-ccf04ebffdb0,"The meeting was about the performance of the D-goal. The team was reminded that they had to be very careful about the quality of their work. The professor thought that they should make sure that their work was up to standard and that they were doing a good job of it. The group also discussed how they could make their work better. The final meeting ended with a group discussion about the future directions of the project, including the future direction of the team and future work on the project."
72858a28-248d-4bef-af03-c62a3c285fbb,"The meeting was about the progress of their work on the Aurora project. The group discussed Aurora's progress and future directions. The professor thought that Aurora should create a shared document with some organization to share the work they had done. The team agreed that Aurora's performance should be measured against the criteria they had set for Aurora, but they were not sure how they could make their work better. The meeting ended with a general discussion about Aurora's future directions and future work on Aurora's project."
4cbd0d4e-6cf9-4db4-bf15-f4f4e4d3d8d8,"The meeting was about the Weekly Sync for the New Diffs project. The team was working on an architecture workflow for the architecture. The professor thought that they should make the team more efficient by making sure that they would not only focus on the architecture, but also on the design of the interface and the interface design. The group also discussed how they could make the project more efficient. The meeting ended with a general discussion about the current status of the project, including the progress of the team's work and future directions."
4badb5ba-ca92-4c3c-a7e9-0d49fc7a8137,"This is the second meeting of the group. First, the group discussed the logistics of the new time zone. They discussed how to deal with the different time zones of the time zones. Then, they discussed how they could make their work better by making it easier for people to share their work with the world. Lastly, they talked about how to make the new diffs architecture better for the group and how they would make it easier to share ideas about their work and future work with other groups."
9c5aa3e4-b047-4f08-a838-9b665e251e4d,"This meeting was about the progress of the team's work on the DS project. The team first discussed the technical matters, then moved onto a discussion about how they would make their work more efficient. The final decision was made that the team should focus on the service side rendering, but the team was not sure what they should do to make it better. Finally, the meeting ended with a brief discussion about the future of the project, which was mainly about future work and future thoughts on the project."
d7c8e3b8-c6e0-4845-8669-f2f4ed1b8549,"This was the second meeting of the new D-goal group. The meeting was about the architecture of the database. First, the group discussed the scroll issues that the team had to deal with. Next, they discussed the logistics of adding the blueprint to the documentation. The group also discussed how they could make their database more robust. Lastly, the meeting ended with a general discussion about the future of the project, including future work on the database and future thoughts about the team's work in general."
876e67fa-314d-40e4-b942-21ca63e81995,"This was the final meeting of the interface project. The team first discussed the accessibility issue. The group also discussed the requirements for the interface, such as how to deal with different kinds of data and how to handle different types of data. The final meeting ended with a general discussion about the future of the project, including future work on the interface and future directions for the team's work. The group agreed that the interface should be up to standard and that it should be a good-looking and user-friendly interface."
180bd4aa-e269-429f-96e4-0f5d4c414baa,"This human resources meeting was about an investigation into the performance shortfalls of an employee. The group discussed the technical issues that the employee had to deal with, such as having the appropriate tools, equipment, and training. The team also discussed how to make sure that the person was up to standard and that the team was making good use of the time they had left over from the last meeting."
e6965270-2164-455d-899e-d51018e93ebc,"This is the second meeting of the group. The final decision about the project was made by the group members. The group is looking forward to the finalization of the project. The meeting began with a general discussion about the group's future plans. Then, the group discussed how they would like to make the project a success. They agreed that the group should make sure that the project would be the best one they had ever had, and that the team should do their best to make sure it was successful."
